#UID;Login;Firstname;Lastname;Password Hash
1;t_stan;Tariq;Stanley;2fbac96acdfc35d458e5dd0dee06325b5368dce7b5106b0f3ce31fc8f9c41fee
2;ada.cab;Adaline;Cabrera;3e9916771076139114135e0d1698a01274db810cec3f7b3bbfef0e5634a9a779
3;fips04;Filip;Travers;2364e6bcf2f41cb8b3b067a5da2286ce291ba74fc5af73f3f9263f98e293940b
4;jwinters;Jevan;Winters;d04f766b182ae161805490f77a6b793d2040013c96d0dae209bb96bc5cb530c0
5;abb_gom99;Abbas;Gomez;31d45a9627d8d53649e732f1093e469d27b69f75b60f55bce1d6ab99d0295222
6;niam_begum;Niam;Begum;35a00c0b728f8dfa19364bbdefdbb0d2c490f8477ad32454801953a063efa209
7;NotBradPitt;Waqar;Pitt;1342133d511bc67f66ff20c469e23977cd54cc3ac7e576ad71fd6fa18fd0f5b7
8;rios_b12;Brad;Rios;9a7760e2cef5ef0b57ee9030fa923ddde52b1b4d2ec33c500c8d66e1df82c088
9;g5g4;Gethin;Green;360bc28637cd6c15e263d19f88bd7026bfbe8f7631bf95d0a2a2a4ae209ce9c9
10;khush_f15;Khushi;Forrest;903464d867660bfada545dda0d0967e61bf5d910d03e7846c6216384803eaadb
